type	dir	
type	file	
type	symlink_file	
type	executable	
type	socket	󰆧
type	pipe	󰈲
type	block	󰜫
type	char	󰟶
name	.config	
name	.exercism	
name	.git	
name	.github	
name	.npm	
name	.opam	
name	.ssh	󰢬
name	.trash	
name	build	󱧼
name	config	
name	contacts	󰉌
name	cron.d	
name	cron.daily	
name	cron.hourly	
name	cron.minutely	
name	cron.monthly	
name	cron.weekly	
name	desktop	
name	documents	󰲂
name	downloads	󰉍
name	etc	
name	favorites	󰚝
name	hidden	󱞞
name	home	󱂵
name	include	
name	mail	󰇰
name	movies	󰿎
name	music	󱍙
name	node_modules	
name	npm_cache	
name	pacman.d	
name	pam.d	󰢬
name	pictures	󰉏
name	src	󰣞
name	ssh	󰢬
name	sudoers.d	󰢬
name	videos	
name	xbps.d	
name	xorg.conf.d	
name	cabal	
name	.aliases	󱆃
name	.atom	
name	.bashrc	󱆃
name	.bash_aliases	󱆃
name	.bash_history	󱆃
name	.bash_logout	󱆃
name	.bash_profile	󱆃
name	.cfusertextencoding	
name	.clang-format	󱁻
name	.clang-tidy	󱁻
name	.codespellrc	󰓆
name	.condarc	
name	.cshrc	󱆃
name	.ds_store	
name	.editorconfig	
name	.emacs	
name	.envrc	
name	.eslintignore	
name	.eslintrc.cjs	
name	.eslintrc.js	
name	.eslintrc.json	
name	.eslintrc.yaml	
name	.eslintrc.yml	
name	.gcloudignore	󱇶
name	.fennelrc	
name	.gitattributes	󰊢
name	.git-blame-ignore-revs	󰊢
name	.gitconfig	󰊢
name	.gitignore	󰊢
name	.gitignore_global	󰊢
name	.gitlab-ci.yml	
name	.gitmodules	󰊢
name	.gtkrc-2.0	
name	.gvimrc	
name	.htaccess	󱁻
name	.htpasswd	󱁻
name	.idea	
name	.ideavimrc	
name	.inputrc	󱁻
name	.kshrc	󱆃
name	.login	󱆃
name	.logout	󱆃
name	.luacheckrc	󱁻
name	.luaurc	󱁻
name	.nanorc	
name	.nuxtrc	󱄆
name	.ocamlinit	
name	.mailmap	󰊢
name	.node_repl_history	
name	.npmignore	
name	.npmrc	
name	.pre-commit-config.yaml	󰛢
name	.prettierignore	
name	.prettierrc	
name	.prettierrc.json	
name	.prettierrc.json5	
name	.prettierrc.toml	
name	.prettierrc.yaml	
name	.prettierrc.yml	
name	.parentlock	
name	.profile	󱆃
name	.pylintrc	󱁻
name	.python_history	
name	.rustfmt.toml	
name	.rvm	
name	.rvmrc	
name	.srcinfo	
name	.stowrc	
name	.tcshrc	󱆃
name	.viminfo	
name	.vimrc	
name	.xauthority	
name	.xinitrc	
name	.xresources	
name	.xsession	
name	.yarnrc	
name	.zlogin	󱆃
name	.zlogout	󱆃
name	.zprofile	󱆃
name	.zshenv	󱆃
name	.zshrc	󱆃
name	.zsh_history	󱆃
name	.zsh_sessions	󱆃
name	._ds_store	
name	_gvimrc	
name	_vimrc	
name	a.out	
name	authorized_keys	󰣀
name	authors	
name	authors.txt	
name	bashrc	󱆃
name	brewfile	󱄖
name	brewfile.lock.json	󱄖
name	bspwmrc	
name	build.gradle.kts	
name	build.zig.zon	
name	bun.lockb	
name	cantorrc	
name	cargo.lock	
name	cargo.toml	
name	cmakelists.txt	
name	changelog	
name	changelog.md	
name	changes	
name	changes.md	
name	code_of_conduct	
name	code_of_conduct.md	
name	composer.json	
name	composer.lock	
name	config	󱁻
name	config.ru	
name	config.status	󱁻
name	configure	
name	configure.ac	󱁻
name	configure.in	󱁻
name	constraints.txt	
name	copying	
name	copyright	
name	crontab	󱁻
name	crypttab	󱁻
name	csh.cshrc	󱆃
name	csh.login	󱆃
name	csh.logout	󱆃
name	docker-compose.yml	
name	dockerfile	
name	compose.yaml	
name	compose.yml	
name	docker-compose.yaml	
name	dropbox	
name	dune	
name	dune-project	
name	earthfile	
name	commit_editmsg	
name	environment	󱁻
name	favicon.ico	
name	flake.lock	
name	fennelrc	
name	fonts.conf	
name	fp-info-cache	
name	fp-lib-table	
name	freecad.conf	
name	gemfile	
name	gemfile.lock	
name	gnumakefile	
name	go.mod	
name	go.sum	
name	go.work	
name	gradle	
name	gradle.properties	
name	gradlew	
name	gradlew.bat	
name	group	
name	gruntfile.coffee	
name	gruntfile.js	
name	gruntfile.ls	
name	gshadow	
name	gtkrc	
name	gulpfile.coffee	
name	gulpfile.js	
name	gulpfile.ls	
name	heroku.yml	
name	hostname	󱁻
name	hypridle.conf	
name	hyprland.conf	
name	hyprlock.conf	
name	hyprpaper.conf	
name	i3blocks.conf	
name	i3status.conf	
name	id_dsa	󰌆
name	id_ecdsa	󰌆
name	id_ecdsa_sk	󰌆
name	id_ed25519	󰌆
name	id_ed25519_sk	󰌆
name	id_rsa	󰌆
name	index.theme	
name	inputrc	󱁻
name	jenkinsfile	
name	jsconfig.json	
name	justfile	
name	kalgebrarc	
name	kdeglobals	
name	kdenlive-layoutsrc	
name	kdenliverc	
name	known_hosts	󰣀
name	kritadisplayrc	
name	kritarc	
name	licence	
name	licence.md	
name	licence.txt	
name	license	
name	license-apache	
name	license-mit	
name	license.md	
name	license.txt	
name	localized	
name	localtime	
name	lock	
name	log	
name	lxde-rc.xml	
name	lxqt.conf	
name	makefile	
name	makefile.ac	
name	makefile.am	
name	makefile.in	
name	manifest	
name	manifest.in	
name	mix.lock	
name	mpv.conf	
name	news	
name	news.md	
name	npm-shrinkwrap.json	
name	npmrc	
name	package-lock.json	
name	package.json	
name	passwd	
name	php.ini	
name	pkgbuild	
name	platformio.ini	
name	pom.xml	
name	procfile	
name	profile	󱆃
name	prusaslicer.ini	
name	prusaslicergcodeviewer.ini	
name	pyvenv.cfg	
name	pyproject.toml	
name	qt5ct.conf	
name	qt6ct.conf	
name	qtproject.conf	
name	rakefile	
name	readme	󰂺
name	readme.md	󰂺
name	release.toml	
name	renovate.json	󰉼
name	requirements.txt	
name	robots.txt	󰚩
name	rubydoc	
name	rvmrc	
name	security	󰒃
name	security.md	󰒃
name	settings.gradle.kts	
name	shadow	
name	shells	󱁻
name	sudoers	
name	sxhkdrc	
name	sym-lib-table	
name	timezone	
name	tmux.conf	
name	tmux.conf.local	
name	todo	
name	todo.md	
name	tsconfig.json	
name	vagrantfile	⍱
name	vlcrc	󰕼
name	webpack.config.js	󰜫
name	xorg.conf	
name	xsettingsd.conf	
name	weston.ini	
name	xmobarrc	
name	xmobarrc.hs	
name	xmonad.hs	
name	yarn.lock	
ext	123dx	󰻫
ext	3dm	󰻫
ext	3g2	
ext	3gp	
ext	3gp2	
ext	3gpp	
ext	3gpp2	
ext	3mf	󰆧
ext	7z	
ext	a	
ext	aac	
ext	acf	
ext	age	󰦝
ext	ai	
ext	aif	
ext	aifc	
ext	aiff	
ext	alac	
ext	android	
ext	ape	
ext	apk	
ext	app	
ext	applescript	
ext	apple	
ext	ar	
ext	arj	
ext	arw	
ext	asc	󰦝
ext	asm	
ext	asp	
ext	ass	󰨖
ext	avi	
ext	avif	
ext	avro	
ext	awk	
ext	bash	
ext	bat	
ext	bats	
ext	bdf	
ext	bib	
ext	bin	
ext	blend	󰂫
ext	bmp	
ext	br	
ext	brd	
ext	brep	󰻫
ext	bst	
ext	bundle	
ext	bz	
ext	bz2	
ext	bz3	
ext	c	
ext	c++	
ext	cab	
ext	cache	
ext	cast	
ext	catpart	󰻫
ext	catproduct	󰻫
ext	cbr	
ext	cbz	
ext	cc	
ext	cert	
ext	cfg	󱁻
ext	cjs	
ext	class	
ext	clj	
ext	cljc	
ext	cljs	
ext	cls	
ext	cmake	
ext	cmd	
ext	coffee	
ext	com	
ext	conda	
ext	conf	󱁻
ext	config	󱁻
ext	cow	󰆚
ext	cp	
ext	cpio	
ext	cpp	
ext	cr	
ext	cr2	
ext	crdownload	󰇚
ext	crt	
ext	cs	󰌛
ext	csh	
ext	cshtml	
ext	csproj	󰌛
ext	css	
ext	csv	
ext	csx	󰌛
ext	cts	
ext	cu	
ext	cue	󰲹
ext	cxx	
ext	d	
ext	dart	
ext	db	
ext	db3	
ext	dconf	
ext	deb	
ext	desktop	
ext	di	
ext	diff	
ext	djv	
ext	djvu	
ext	dll	
ext	dmg	
ext	doc	
ext	docm	
ext	docx	
ext	dot	󱁉
ext	download	󰇚
ext	dockerfile	
ext	dockerignore	
ext	drawio	
ext	dump	
ext	dvi	
ext	dwg	󰻫
ext	dxf	󰻫
ext	dylib	
ext	ebook	
ext	ebuild	
ext	edn	
ext	editorconfig	
ext	eex	
ext	ejs	
ext	el	
ext	elc	
ext	elf	
ext	elm	
ext	eml	
ext	env	
ext	eot	
ext	eps	󰕙
ext	epub	
ext	erb	
ext	erl	
ext	ex	
ext	exe	
ext	exs	
ext	f	󱈚
ext	f#	
ext	f3d	󰻫
ext	f3z	󰻫
ext	f90	󱈚
ext	fbx	󰆧
ext	fdmdownload	󰇚
ext	fcbak	
ext	fcmacro	
ext	fcmat	
ext	fcparam	
ext	fcscript	
ext	fcstd	
ext	fcstd1	
ext	fctb	
ext	fctl	
ext	fish	
ext	flac	
ext	flc	
ext	flf	
ext	flv	
ext	fnl	
ext	fnt	
ext	fodg	
ext	fodp	
ext	fods	
ext	fodt	
ext	fon	
ext	font	
ext	for	󱈚
ext	fs	
ext	fsi	
ext	fsproj	
ext	fsscript	
ext	fsx	
ext	gba	󱎓
ext	gbl	
ext	gbo	
ext	gbp	
ext	gbr	
ext	gbs	
ext	gcode	󰫴
ext	gd	
ext	gdoc	
ext	gem	
ext	gemfile	
ext	gemspec	
ext	gform	
ext	gif	
ext	git	󰊢
ext	gleam	󰦥
ext	gm1	
ext	gml	
ext	go	
ext	godot	
ext	gpg	󰦝
ext	gql	
ext	gradle	
ext	graphql	
ext	gresource	
ext	groovy	
ext	gsheet	
ext	gslides	
ext	gtl	
ext	gto	
ext	gtp	
ext	gts	
ext	guardfile	
ext	gv	󱁉
ext	gvy	
ext	gz	
ext	h	
ext	h++	
ext	h264	
ext	haml	
ext	hbs	
ext	hc	󰂢
ext	heic	
ext	heics	
ext	heif	
ext	hex	󱊧
ext	hh	
ext	hi	
ext	hpp	
ext	hrl	
ext	hs	
ext	htm	
ext	html	
ext	hxx	
ext	iam	󰻫
ext	ical	
ext	icalendar	
ext	ico	
ext	ics	
ext	ifb	
ext	ifc	󰻫
ext	ige	󰻫
ext	iges	󰻫
ext	igs	󰻫
ext	image	
ext	img	
ext	iml	
ext	info	
ext	ini	󱁻
ext	inl	
ext	ipynb	
ext	ino	
ext	ipt	󰻫
ext	iso	
ext	j2c	
ext	j2k	
ext	jad	
ext	jar	
ext	java	
ext	jwmrc	
ext	jfi	
ext	jfif	
ext	jif	
ext	jl	
ext	jmd	
ext	jp2	
ext	jpe	
ext	jpeg	
ext	jpf	
ext	jpg	
ext	jpx	
ext	js	
ext	json	
ext	json5	
ext	jsonc	
ext	jsx	
ext	jxl	
ext	kbx	󰯄
ext	kdb	
ext	kdbx	
ext	kdenlive	
ext	kdenlivetitle	
ext	key	
ext	kicad_dru	
ext	kicad_mod	
ext	kicad_pcb	
ext	kicad_prl	
ext	kicad_pro	
ext	kicad_sch	
ext	kicad_sym	
ext	kicad_wks	
ext	ko	
ext	kpp	
ext	kra	
ext	krz	
ext	ksh	
ext	kt	
ext	kts	
ext	latex	
ext	lbr	
ext	lck	
ext	ldb	
ext	leex	
ext	less	
ext	lff	
ext	lhs	
ext	lib	
ext	license	
ext	lisp	󰅲
ext	localized	
ext	lock	
ext	log	
ext	lpp	
ext	lrc	󰨖
ext	ltx	
ext	lua	
ext	luac	
ext	luau	
ext	lz	
ext	lz4	
ext	lzh	
ext	lzma	
ext	lzo	
ext	m	
ext	m2ts	
ext	m2v	
ext	m3u	󰲹
ext	m3u8	󰲹
ext	m4a	
ext	m4v	
ext	magnet	
ext	markdown	
ext	md	
ext	md5	󰕥
ext	mdb	
ext	mdx	
ext	mid	󰣲
ext	mjs	
ext	mk	
ext	mka	
ext	mkd	
ext	mkv	
ext	ml	
ext	mli	
ext	mll	
ext	mly	
ext	mm	
ext	mo	󰗊
ext	mobi	
ext	mov	
ext	mp2	
ext	mp3	
ext	mp4	
ext	mpeg	
ext	mpg	
ext	msf	
ext	msi	
ext	mts	
ext	mustache	
ext	nef	
ext	nfo	
ext	nim	
ext	nimble	
ext	nims	
ext	ninja	󰝴
ext	nix	
ext	node	
ext	norg	
ext	nsp	󰟡
ext	nu	
ext	o	
ext	obj	󰆧
ext	odb	
ext	odf	
ext	odg	
ext	odp	
ext	ods	
ext	odt	
ext	ogg	
ext	ogm	
ext	ogv	
ext	opam	󰘧
ext	opml	󰗀
ext	opus	
ext	orf	
ext	org	
ext	otf	
ext	out	
ext	p12	
ext	par	
ext	part	󰇚
ext	patch	
ext	pbm	
ext	pcbdoc	
ext	pcm	
ext	pdf	
ext	pem	
ext	pfx	
ext	pgm	
ext	phar	
ext	php	
ext	pkg	
ext	pl	
ext	plist	
ext	pls	󰲹
ext	plx	
ext	ply	󰆧
ext	pm	
ext	png	
ext	pnm	
ext	po	󰗊
ext	pod	
ext	pot	󰗊
ext	pp	
ext	ppm	
ext	pps	
ext	ppsx	
ext	ppt	
ext	pptx	
ext	prjpcb	
ext	procfile	
ext	properties	
ext	prql	
ext	ps	󰕙
ext	ps1	
ext	psb	
ext	psd	
ext	psd1	
ext	psf	
ext	psm	󰻫
ext	psm1	
ext	pub	󰷖
ext	purs	
ext	pxd	
ext	pxm	
ext	py	
ext	pyc	
ext	pyd	
ext	pyi	
ext	pyo	
ext	pyw	
ext	pyx	
ext	qcow	
ext	qcow2	
ext	qm	󰗊
ext	qml	
ext	qrc	
ext	qss	
ext	r	
ext	rake	
ext	rakefile	
ext	rar	
ext	raw	
ext	razor	
ext	rb	
ext	rdata	
ext	rdb	
ext	rdoc	
ext	rds	
ext	readme	󰂺
ext	rkt	
ext	rlib	
ext	rmd	
ext	rmeta	
ext	rpm	
ext	rs	
ext	rspec	
ext	rspec_parallel	
ext	rspec_status	
ext	rss	
ext	rst	
ext	rtf	
ext	ru	
ext	rubydoc	
ext	s	
ext	s3db	
ext	sal	󱑻
ext	sass	
ext	sbt	󰨖
ext	scad	
ext	scala	
ext	scm	
ext	sch	󰭅
ext	schdoc	󰭅
ext	scss	
ext	service	
ext	sf2	󰽰
ext	sfz	󰽰
ext	sh	
ext	sha1	󰕥
ext	sha224	󰕥
ext	sha256	󰕥
ext	sha384	󰕥
ext	sha512	󰕥
ext	shell	
ext	shtml	
ext	sig	󱧃
ext	signature	󱧃
ext	sld	
ext	skp	󰻫
ext	sl3	
ext	sldasm	󰻫
ext	sldprt	󰻫
ext	slim	
ext	sln	
ext	slvs	󰻫
ext	so	
ext	sql	
ext	sqlite	
ext	sqlite3	
ext	sr	󱑻
ext	srt	󰨖
ext	ss	
ext	ssa	󰨖
ext	stl	󰆧
ext	ste	󰻫
ext	step	󰻫
ext	stp	󰻫
ext	sty	
ext	styl	
ext	stylus	
ext	sub	󰨖
ext	sublime-build	
ext	sublime-keymap	
ext	sublime-menu	
ext	sublime-options	
ext	sublime-package	
ext	sublime-project	
ext	sublime-session	
ext	sublime-settings	
ext	sublime-snippet	
ext	sublime-theme	
ext	suo	
ext	svelte	
ext	sv	󰍛
ext	svg	󰕙
ext	svh	󰍛
ext	swf	
ext	swift	
ext	t	
ext	tbc	󰛓
ext	tar	
ext	taz	
ext	tbz	
ext	tbz2	
ext	tc	
ext	tcl	󰛓
ext	tex	
ext	tf	󱁢
ext	tfstate	󱁢
ext	tfvars	󱁢
ext	tgz	
ext	tif	
ext	tiff	
ext	tlz	
ext	tml	
ext	tmux	
ext	toml	
ext	torrent	
ext	tres	
ext	ts	
ext	tscn	
ext	tsv	
ext	tsx	
ext	ttc	
ext	ttf	
ext	twig	
ext	txt	
ext	typ	
ext	txz	
ext	tz	
ext	tzo	
ext	ui	
ext	unity	
ext	unity3d	
ext	v	
ext	vala	
ext	vdi	
ext	vhd	
ext	vhs	󰨛
ext	vi	
ext	vhdl	󰍛
ext	video	
ext	vim	
ext	vmdk	
ext	vob	
ext	vsix	󰨞
ext	vue	󰡄
ext	war	
ext	wav	
ext	webm	
ext	webmanifest	
ext	webp	
ext	whl	
ext	windows	
ext	wma	
ext	wmv	
ext	woff	
ext	woff2	
ext	wrl	󰆧
ext	wrz	󰆧
ext	wv	
ext	xaml	󰙳
ext	xcf	
ext	xci	󰟡
ext	xcplayground	
ext	xhtml	
ext	xlr	
ext	xls	
ext	xlsm	
ext	xlsx	
ext	xml	󰗀
ext	xpi	
ext	xpm	
ext	xul	󰗀
ext	xz	
ext	x_b	󰻫
ext	x_t	󰻫
ext	yaml	
ext	yml	
ext	z	
ext	zig	
ext	zip	
ext	zsh	
ext	zsh-theme	󱆃
ext	zst	
ext	z64	󱎓
